"Timestamp","Would you like to recommend this talk to your friends ","Is this talk content worth paying your money for ?","Out of the content being presented how much was new to you ? (1 for not so new, 10 for all of the content is new)","Which topic would you like me to cover from the talk which was presented to you ?","Feedback Positive or Negative ?"
"2018/08/20 4:15:16 pm GMT+5:30","Yes","Yes","10","i would like you to give more knowledge about python!","Undoubtedly, Positive!"
"2018/08/20 4:16:38 pm GMT+5:30","Yes","Yes","9","Git,Block Chain","Positive"
"2018/08/20 4:16:52 pm GMT+5:30","Yes","Yes","7","Everything is covered...","Positive"
"2018/08/20 4:18:19 pm GMT+5:30","Yes","Yes","6","Django","Positive"
"2018/08/20 4:33:26 pm GMT+5:30","Yes","Yes","8","Django","Positive"
"2018/08/20 4:35:26 pm GMT+5:30","Yes","Maybe","3","How to develop our programming skills","Positive"
"2018/08/20 4:36:03 pm GMT+5:30","Yes","Yes","8","Docker","Positive"
"2018/08/20 4:40:26 pm GMT+5:30","Yes","Yes","1","Everything is covered ","Positive "
"2018/08/20 4:53:46 pm GMT+5:30","Yes","No","10","I understand all concepts","Lecture was good ."
"2018/08/20 4:57:13 pm GMT+5:30","Yes","Yes","9","Basic python","+"
"2018/08/20 7:12:03 pm GMT+5:30","Yes","Yes","8","Python","Positive"
"2018/08/20 7:15:05 pm GMT+5:30","Yes","Yes","10","python","Positive"
"2018/08/20 8:08:08 pm GMT+5:30","Yes","Maybe","10","All topics","Positive "
"2018/08/20 8:22:26 pm GMT+5:30","Yes","Yes","10","None","Positive"
"2018/08/20 8:37:28 pm GMT+5:30","Yes","Yes","7","All were covered","It was too gud ..was full of abundant knowledge. Got many new things to learn"
"2018/08/20 8:50:44 pm GMT+5:30","Yes","Yes","9","ORM","Postive"
"2018/08/20 9:15:17 pm GMT+5:30","Yes","Yes","9","All programming languages","Awesome👌👍"
"2018/08/20 9:50:13 pm GMT+5:30","Yes","Yes","10","Everything ","Positive "
"2018/08/22 12:11:52 am GMT+5:30","Yes","Yes","8","django,creation of virtual envirnment","positive"
"2018/08/24 6:39:47 pm GMT+5:30","Yes","Yes","5","python","Positive"